,0
0,0.396262188627822
1,0.16499523192938598
2,4.3693225488319e-07
3,0.0129308881753556
4,0.0282514430379787
5,0.5240105042561429
6,0.00017177318855499
7,0.14086282402752898
8,0.155014260577358
9,0.204389918463446
10,0.9495527839890692
11,0.972012273794848
12,
13,
14,
15,
16,0.936691974689624
17,0.13653859901027
18,
19,0.2984055061548481
20,0.667073964060062
21,0.0337819590493134
22,0.984052554389322
23,
24,0.346598664027095
25,0.52019118977077
26,0.171889956331288
27,
28,0.436825713605468
29,0.0332055561729984
30,
31,
32,0.00988020463139268
33,
34,
35,
36,0.9345914691054008
37,0.936750620082252
38,0.9926259790407972
39,0.199133160573587
40,0.953383888960231
41,0.471846470286037
42,0.0246244918576525
43,0.4854958043836521
44,0.254175015054097
45,0.42004407016188106
46,
47,
48,0.0306990174654063
49,0.0183668186612901
50,0.000328614488482051
51,
52,
53,
54,
55,0.009754906288718659
56,0.00937589982960622
57,0.8609774689477679
58,0.9451045419340748
59,0.15444097787584302
60,0.72778322414539
61,2.69106814458077e-05
62,0.0682718529298821
63,0.43536687581181294
64,
65,0.860989801138798
66,
67,
68,
69,0.122396058890352
70,0.357144090938418
71,
72,0.8315518897644479
73,
74,0.7426941948661541
75,0.663967918510899
76,
77,0.403037939733251
78,0.7844606916392609
79,0.18425669567038894
80,0.000289058696533565
81,0.184033022313925
82,0.5939540904791429
83,
84,0.6241453311667919
85,0.5472798914671579
86,
87,
88,
89,0.0795348509190326
90,0.179253418883166
91,0.21883382141153895
92,0.13440880304389502
93,0.7359593116923291
94,0.975369891167534
95,6.78523004484991e-05
96,0.996221892642274
97,0.142828968835786
98,0.5179985068441021
99,0.24611779979571105
100,0.309247077599402
101,0.291523340529808
102,0.168299851724408
103,0.639017798719916
104,
105,
106,0.150736495598376
107,0.467043599561231
108,
109,0.874128318908537
110,
111,0.5354825881209
112,0.272611438959781
113,0.3684517230255121
114,0.237265252078671
115,0.8163141199181609
116,
117,0.00136787099114524
118,0.374775898373475
119,
120,0.489225571820581
121,
122,0.000206636377517822
123,0.0084843617145037
124,0.373840971064596
125,0.9926259790407972
126,0.00541735981222462
127,2.04667061338276e-05
128,
129,0.275003488225867
130,
131,
132,0.132812454343863
133,0.4611823049279871
134,
135,
136,
137,0.9233245015077428
138,
139,
140,
141,
142,
143,
144,
145,
146,
147,0.606003526868897
148,0.32484614148071
149,0.0139948869669017
150,0.0941319837896159
151,0.0744865197837334
152,
153,0.978235044457202
154,
155,0.939673312816158
156,0.464590165046537
157,
158,
159,
160,
161,0.00515901592959091
162,0.00314239827012422
163,0.994513907815474
164,0.29042261264617303
165,0.7655997553830459
166,0.756376516609284
167,1.85869236140263e-07
168,8.49606301626429e-08
169,0.799059582529492
170,0.00011538737660634099
171,
172,
173,0.363615645548926
174,0.491392198397932
175,0.225316918512622
176,0.00714006764811185
177,0.61356257276
178,
179,
180,0.640809689939756
181,0.119075338839648
182,0.8465946783113859
183,0.4435089194263879
184,
185,0.9543022295570808
186,0.0693074527269692
187,0.10465661555225697
188,
189,
190,
191,
192,2.2512649775075892e-09
193,0.0526297898869553
194,0.0403193767034276
195,0.884135841507992
196,0.491468449904569
197,0.430584278700085
198,0.96617452863782
199,
200,
201,
202,0.9449855907000642
203,0.00018001355834447
204,
205,0.740638426852053
206,0.136606279218664
207,
208,
209,0.6990623808926589
210,0.55398266462067
211,0.00045564777355861603
212,
213,
214,
215,0.94596645226403
216,0.41249772685623
217,
218,
219,
220,
221,
222,0.42289716721523096
223,0.0804562158082227
224,0.939673312816158
225,7.39433047161458e-05
226,0.191290985371149
227,0.7574967086625899
228,0.0418129847355463
229,
230,
231,
232,
233,
234,
235,
236,
237,0.00442659434847559
238,
239,
240,
241,
242,
243,
244,
245,
246,
247,
248,
249,
250,
251,
252,
253,
254,0.334525350615378
255,0.0899890823305651
256,0.855297208391317
257,0.8727283897622751
258,0.786380042497648
259,
260,
261,3.9369214413032e-08
262,
263,0.684999997852157
264,0.43233115990637705
265,
266,0.000292693686557007
267,0.0941635796285636
268,0.334741742826272
269,
270,0.0374311973254804
271,
272,0.000694635446143467
273,0.418707739511671
274,
275,
276,
277,
278,0.967349864615059
279,0.960972697128154
280,0.0033689304493191396
281,0.763224253380456
282,
283,
284,
285,0.884258340675433
286,0.353499541376985
287,
288,
289,0.18198527577910106
290,
291,1.05801993044628e-11
292,0.269283539774887
293,0.16368743703731198
294,
295,
296,0.8903498467751129
297,
298,0.13641623422047802
299,0.161376580451866
300,0.6631624335776489
301,0.901326220508621
302,0.3956512970023929
303,0.984538330423502
304,0.999949407869236
305,0.328991042614948
306,0.530731737392771
307,
308,
309,
310,
311,
312,
313,0.460734311965262
314,0.81336169937955
315,0.273363563635964
316,0.800672266431871
317,0.606003526868897
318,0.936657408448583
319,0.8234876157696078
320,
321,
322,0.330527173458772
323,0.941756092738256
324,
325,0.0522776618391088
326,
327,
328,0.93116715558085
329,
330,0.5156027402739051
331,
332,0.9595636650604892
333,0.495917095880586
334,
335,
336,0.195802249404758
337,0.110882249059253
338,0.163127990175646
339,0.459887998962509
340,
341,0.246248131426592
342,0.13780964559375
343,0.581618338963704
344,0.000684095580800958
345,0.8918913474368849
346,0.0586844006424089
347,0.14041866680313
348,0.436825713605468
349,0.7894070315987008
350,0.9844733136346908
351,0.21825494432849304
352,
353,0.979727542873652
354,
355,
356,
357,
358,
359,
360,
361,0.846268302847692
362,0.0984871849944995
363,0.88859051127011
364,
365,
366,0.976878091209768
367,
368,
369,
370,
371,
372,0.81336169937955
373,
374,
375,0.5726285355309829
376,0.0531933941628524
377,0.00044105825570023895
378,
379,
380,
381,
382,
383,
384,
385,
386,
387,0.0261902263147456
388,
389,
390,
391,
392,
393,
394,
395,
396,
397,
398,
399,
400,
401,0.909251431210378
402,0.7427669859948359
403,0.89091538152062
404,0.995569237307812
405,
406,
407,
408,
409,0.663180747260411
410,0.354471438978678
411,1.38238831909604e-07
412,0.7058389705471529
413,0.8903563389965821
414,
415,
416,0.0423730771351547
417,0.962374234613307
418,0.003608345110809921
419,0.0752847329867884
420,0.297592614395396
421,0.210356585658599
422,0.38161816551179295
423,0.00277248976426797
424,0.22992127014044694
425,
426,
427,
428,
429,
430,
431,
432,0.825381579382228
433,
434,0.323589812645643
435,0.00421916809816957
436,0.536628181604032
437,0.7183168492759091
438,0.213663142971066
439,0.353882098330159
440,0.137902664057594
441,0.341641125364974
442,0.6577329764616829
443,
444,0.7357524688131121
445,0.697858502014314
446,0.00614065469557355
447,0.944653985938905
448,0.6000672125973601
449,0.136311096000596
450,0.0431806646951406
451,0.698055514789412
452,0.838001094514363
453,
454,
455,0.000152093723623724
456,
457,0.7288113434585871
458,0.141280905131314
459,0.104644351254502
460,0.487912074049334
461,0.0111584327216125
462,0.007677548613149391
463,0.0984871849944995
464,0.348065256979717
465,0.134924915036084
466,0.6017849405828829
467,0.707401865045428
468,0.892303860847828
469,0.309241733521063
470,
471,0.955442369456735
472,0.788985875178323
473,0.647857286425469
474,0.000896603716847975
475,
476,
477,
478,
479,0.7905937533967958
480,
481,
482,
483,
484,
485,
486,0.943144201416616
487,
488,
489,0.602354376877644
490,0.948278178466078
491,0.0391333896643135
492,
493,0.8742402960484441
494,0.507588228327232
495,0.790291448505864
496,0.924736116362484
497,0.9752202210594432
498,0.93116715558085
499,0.602990238371869
500,0.5252895878213341
501,0.373377907802199
502,0.13572494779837302
503,0.40163225389554
504,0.505547366935427
505,
506,0.645677496634557
507,0.579372954695755
508,0.42779404411969296
509,0.000355840114093792
510,0.6888779265118499
511,0.12247102960385302
512,
513,
514,0.956846391173553
515,
516,
517,
518,0.9973971528537512
519,0.14049186856734194
520,
521,
522,0.292219584936336
523,0.0107803922045686
524,
525,0.0429696552104283
526,
527,0.5354825881209
528,0.328001027882729
529,0.324376538971767
530,0.009231667855794821
531,
532,
533,
534,0.810943719965096
535,0.954805687905073
536,0.5668358372843411
537,0.125789807592181
538,0.611903268926816
539,0.16885119771683302
540,0.0507393824827447
541,0.976878091209768
542,0.06253119557697599
543,0.353882098330159
544,0.00106385672940464
545,0.268682590620859
546,0.00330190681566215
547,0.00521318627422244
548,0.190944509522112
549,
550,
551,
552,0.7965161603048879
553,
554,
555,0.254987976791624
556,1.58966831449565e-08
557,
558,0.288900672029773
559,
560,
561,0.846268302847692
562,0.00029938120627591804
563,0.91834490022544
564,
565,
566,
567,0.0569366108079842
568,0.601585035051291
569,0.352556511342108
570,
571,
572,
573,
574,
575,
576,
577,0.7876382359040279
578,0.0948178678579498
579,9.38771275657654e-09
580,0.9948744168762148
581,
582,0.17816846516249102
583,0.508869760315415
584,0.0246297004005602
585,0.0432844241144332
586,0.365915936304984
587,
588,0.018623395826729
589,0.190173311078389
590,0.907073321590525
591,0.0284870479678789
592,0.95319355907248
593,0.134490929509482
594,0.8199220042766852
595,0.161323421432919
596,0.57001543255578
597,0.0434401097523463
598,0.8114080469642241
599,
600,0.9948744168762148
601,
602,
603,
604,
605,
606,
607,
608,
609,
610,0.000400499231333653
611,
612,
613,
614,
615,0.829050479092679
616,
617,
618,
619,0.508014050485395
620,
621,
622,
623,0.286021290340064
624,0.676162513145532
625,0.473849715703552
626,0.00140829099495327
627,
628,
629,0.976133136842093
630,0.10996198820503
631,0.971568225409452
632,
633,
634,
635,
636,0.0047301034873468715
637,0.281485782046779
638,0.0215270530702047
639,0.3693127909074809
640,0.63153079414507
641,0.886693096650243
642,
643,
644,0.5622248756326271
645,0.546708367099072
646,0.988522553398183
647,0.0010181207219105198
648,0.0625273624458099
649,
650,
651,
652,
653,
654,
655,
656,0.8809421367945859
657,
658,
659,
660,
661,0.837049713558629
662,0.854381267091147
663,
664,
665,
666,
667,0.00046045115638758
668,
669,
670,0.4090380877411829
671,
672,0.7065774832840369
673,0.21720775563742
674,0.0543961766032487
675,0.23478538556990694
676,0.129409923084345
677,0.00934847965412273
678,
679,
680,
681,0.55698393955143
682,0.007979021685548059
683,0.4971890538300511
684,
685,
686,0.0244312486218971
687,
688,
689,
690,0.319375745237786
691,
692,0.014091157482837
693,0.6855063624065639
694,0.42371893442422703
695,0.653125078199062
696,0.623711066397624
697,
698,0.0006985380785470888
699,0.7004381481597559
700,0.019864776950004
701,
702,
703,
704,
705,
706,
707,
708,
709,0.986011247713605
710,0.9491447488105832
711,0.9717629578460772
712,1.0
713,
714,0.274171376474668
715,0.0064143453125474
716,0.881809121686575
717,0.24287953453109
718,0.89091538152062
719,
720,
721,
722,0.806522942336243
723,
724,0.554841099531848
725,0.536860509229729
726,0.6712538041972309
727,
728,0.884695455511965
729,
730,0.186997395368749
731,0.601585035051291
732,
733,
734,0.8241968291877471
735,0.787501628385907
736,
737,
738,
739,0.765522176556739
740,0.155070663743133
741,
742,0.231421432723864
743,6.12842961357744e-05
744,
745,0.294638557030956
746,
747,
748,0.121419739966115
749,0.0831053711561774
750,0.00671179051863833
751,
752,0.751574756049662
753,0.8535278124613209
754,0.98299685892527
755,0.682319669342407
756,0.00197200940007414
757,0.860204260976626
758,0.958190450130111
759,0.0857265266426231
760,3.28825365744743e-07
761,0.7091290019113159
762,
763,2.85106304527474e-06
764,
765,0.061227600828132014
766,
767,0.284805394608035
768,
769,
770,0.276386262629985
771,1.5200937565204999e-05
772,
773,0.305145338512664
774,0.510430823341254
775,4.6338881580626e-06
776,2.98827416455682e-05
777,5.972173704126191e-05
778,0.00980791739341013
779,0.9404826879962728
780,
781,0.7105379359338209
782,0.151227025778743
783,
784,0.15252604510315
785,
786,
787,0.9004186398886651
788,0.749454972233307
789,0.00136410817580425
790,0.00615535051039859
791,
792,
793,0.71934096821587
794,
795,0.142061714515707
796,0.890038312672615
797,0.7694942049466209
798,0.95407728206336
799,
800,
801,
802,0.861979061391817
803,
804,
805,
806,
807,0.0924368992947809
808,
809,0.0197612559255605
810,0.7735610280735591
811,0.12726419580585302
812,
813,0.30549656609996995
814,0.373441577847505
815,0.166584147552906
816,0.19311153366434
817,0.8465946783113859
818,0.0231605150931034
819,0.729837879338465
820,0.22326675381945896
821,
822,0.117567846660657
823,0.579410657286684
824,0.5919096800010041
825,0.7622844872541529
826,
827,
828,0.967100028509784
829,
830,
831,
832,0.823820393421758
833,0.284854211128586
834,
835,0.101721884070088
836,
837,
838,
839,
840,
841,0.5794209529954971
842,0.0368418672296685
843,0.0759063495965728
844,0.935386402410428
845,0.989899399480526
846,0.214270309598793
847,
848,0.126144300432767
849,0.74761819759754
850,0.81336169937955
851,0.00168228090998648
852,0.0021083425220540697
853,0.915281939792782
854,0.145289088839589
855,0.000583620290815982
856,
857,
858,1.0
859,
860,
861,
862,0.0663514480142839
863,0.0309279637937854
864,2.0559644695620606e-05
865,
866,
867,0.339763091827578
868,0.973177137051627
869,0.168120515121953
870,0.894698489991998
871,
872,
873,0.000553793445440545
874,0.0470203724043215
875,0.6582425079999761
876,5.77992420042808e-05
877,0.956905161427726
878,0.14021046852864402
879,0.0435225120852959
880,1.0
881,0.573766224990947
882,
883,0.533459902090834
884,0.7168030824160899
885,
886,
887,
888,
889,
890,
891,0.257042033271605
892,
893,
894,1.5411906925556197e-09
895,
896,
897,
898,
899,0.83828997536091
900,0.7461137501199699
901,
902,0.462364205444076
903,
904,
905,
906,0.0882915541973909
907,8.095812982044169e-06
908,0.0467866759256745
909,0.218733633916812
910,0.678273737380127
911,0.201201275342414
912,
913,0.308151776004036
914,0.13089778129624802
915,
916,0.8685924093576122
917,
918,0.265793834082161
919,0.8380996570441109
920,0.00757330922285411
921,0.0687650819629684
922,0.23268973210209
923,
924,
925,
926,
927,0.459227236329873
928,0.5103806289172079
929,0.9652339270896
930,0.0292963153009449
931,0.601731849528586
932,0.0112702250113302
933,
934,0.165802359099295
935,0.00173506271831078
936,0.351169744412559
937,0.0272527638994649
938,0.388131573132142
939,
940,
941,0.924654974836798
942,
943,0.842354036685328
944,0.989296306702258
945,0.812256837673211
946,0.6817710621681979
947,0.7871340657401701
948,0.326373201596078
949,0.231236834339023
950,0.515195282196541
951,0.98172588035835
952,0.611645212362642
953,0.0520669836240652
954,0.17794731110646106
955,0.706216286520032
956,0.683712109098344
957,0.639017798719916
958,0.00142550237498307
959,
960,0.0494191803041844
961,0.8349826779229741
962,0.917122884934746
963,
964,
965,
966,0.7329156224095151
967,0.0182886321344224
968,0.138111104257704
969,0.0996235208756832
970,0.884695455511965
971,
972,0.0212656257682762
973,0.20571284684261296
974,0.928619050724024
975,0.9986784631076552
976,0.7562759720250849
977,0.07077609597734599
978,0.315947230276672
979,0.00039224965109005
980,
981,
982,0.218360795013323
983,
984,0.3349062527633569
985,0.135652309252454
986,0.821263942184055
987,
988,
989,0.0312056264343921
990,0.111777473091861
991,0.9561254307068492
992,
993,
994,0.629827697505272
995,
996,0.376225161788684
997,0.921023123216498
998,0.4373412763289529
999,
1000,0.7470620340617808
1001,0.0348291308031951
1002,0.5405705759889721
1003,0.581343388439909
1004,0.8213447667307109
1005,7.24950878350374e-05
1006,0.9881737209068192
1007,0.978974670716092
1008,0.7562179072905859
1009,
1010,0.0407598105056174
1011,0.0504466337437526
1012,0.450813637625255
1013,0.0656911896312554
1014,0.00600137954288106
1015,0.8842194857984309
1016,0.5520060838557409
1017,0.0004732062247007269
1018,0.0774483477117168
1019,0.830150480890313
1020,0.4887544891772561
1021,0.357147061706476
1022,0.80152032831028
1023,0.402379204184046
1024,0.0823617369091352
1025,0.238652723999282
1026,0.0698564485912411
1027,0.148913735835075
1028,0.176753062605672
1029,0.64425138401987
1030,0.00257415150729316
1031,0.466587992375791
1032,0.8519899967161391
1033,0.862185771321277
1034,0.7538722413750709
1035,1.0
1036,0.955442369456735
1037,0.7735610280735591
1038,0.994513907815474
1039,0.755745529835442
1040,0.0181182423572649
1041,0.35623685683087297
1042,0.00397412483417019
1043,0.919151471268786
1044,0.449629259874343
1045,0.9470430046110648
1046,0.238136357658257
1047,
1048,
1049,
1050,
1051,0.943168520052388
1052,0.07675481782912799
1053,0.8106557935405161
1054,0.000521045180136938
1055,0.960689864618203
1056,1.75968665039767e-05
1057,
1058,0.8797078562111519
1059,0.576539972626691
1060,0.7239520992243679
1061,0.000244038538134992
1062,0.43411646892047295
1063,0.924736116362484
1064,0.432970482548617
1065,0.414222145115276
1066,
1067,0.478823617759335
1068,0.97425557165662
1069,0.638632810389086
1070,0.8380012537753041
1071,0.507941102373274
1072,0.9888681176323828
1073,0.256443958536403
1074,0.4402586050652521
1075,0.7888738764588741
1076,0.4262165829108029
1077,
1078,0.36191537203044505
1079,0.751574756049662
1080,0.860204260976626
1081,0.442075079624276
1082,0.956846391173553
1083,0.6583060112848361
1084,0.22152047378217
1085,
1086,
1087,
1088,
1089,
1090,0.0686865199858043
1091,
1092,
1093,0.8591843209477859
1094,0.9019972603604492
1095,0.978235044457202
1096,0.78959657536313
1097,0.0222247068768635
1098,0.136761211823756
1099,0.471513907006125
1100,0.6386112271845079
1101,0.274087604456397
1102,0.126429720135296
1103,0.91834490022544
1104,0.8404624489418209
1105,0.9131843232627852
1106,0.129265219000446
1107,
1108,0.9644504174328192
1109,0.964503847188494
1110,0.937272810328484
1111,0.447848646729327
1112,0.244871489626071
1113,0.8234876157696078
1114,0.0188528969787834
1115,0.101940534802107
1116,0.281493341405201
1117,0.37548503637194497
1118,0.689568725826218
1119,0.307839697777211
1120,0.498401833462805
1121,0.7961235563002891
1122,0.8030452992051558
1123,0.0165358287748584
1124,0.974414639007232
1125,0.608798966445911
1126,0.341641125364974
1127,0.674998543407972
1128,0.494054487097415
1129,0.8615672745107529
1130,0.172136466795079
1131,0.0845886923366195
1132,0.506204984621183
1133,0.934943858165018
1134,0.89797835184626
1135,0.378615872081405
1136,
1137,0.980103354014684
1138,0.672224520944124
1139,0.996098216192177
1140,0.684820835501647
1141,0.640988626260027
1142,0.6042858049742371
1143,0.908972570893441
1144,0.0229035532474051
1145,0.25319501415852
1146,0.997625294453223
1147,0.983188579044552
1148,0.712065414969268
1149,0.7168030824160899
1150,0.8831392482374829
1151,0.15074486370662102
1152,0.561311684292222
1153,0.787812970356304
1154,0.7650848248187159
1155,0.7728967810111842
1156,
1157,
1158,0.127149833597573
1159,0.00035015427651087
1160,0.8402995236096379
1161,1.0
1162,0.9766063532431872
1163,1.0
1164,0.412909914778223
1165,0.8889079341969849
1166,0.44605316195256106
1167,0.8992244899875429
1168,0.00857492621968895
1169,0.6075187360688571
1170,0.7976057161626959
1171,0.795683224661391
1172,0.977091204344116
1173,0.75872259769632
1174,0.216437586760746
1175,0.516101456078156
1176,0.7725568413475851
1177,0.981218170831576
1178,0.837189111845573
1179,0.0772317557605256
1180,0.497869222738788
1181,0.525590542519479
1182,0.20920192415690694
1183,0.7544840763912921
1184,0.4419940922186579
1185,0.8319716682006151
1186,0.7006573679469099
1187,0.4946994489640851
1188,0.7760240769376742
1189,0.6603758450656569
1190,0.36862966205057895
1191,0.78400997498398
1192,0.142196342781413
1193,0.7959398114002758
1194,0.107564976432685
1195,0.9474777987957448
1196,0.203977993067004
1197,0.558543118054194
1198,0.302204747081648
1199,
1200,0.5419651639560891
1201,0.123356306491279
1202,0.353882098330159
1203,0.96928820592022
1204,0.0476228771096709
1205,0.4119729856627971
1206,0.0628713333853195
1207,0.0485834461600543
1208,0.13662083977797
1209,0.795302163261525
1210,0.4627972678951021
1211,0.9192519851811128
1212,0.0197941450228502
1213,0.438855854397413
1214,0.37603130690156295
1215,0.61356257276
1216,0.17048273968098102
1217,0.7955743767973359
1218,
1219,0.998114596101274
1220,0.71981448915549
1221,0.332643302977469
1222,0.243827960708341
1223,0.554024417027803
1224,0.7954462740443241
1225,0.8038541315312779
1226,0.13968160119105402
1227,0.4717378419706161
1228,0.823820393421758
1229,0.00044233234419351297
1230,0.210817247330143
1231,0.515195282196541
1232,0.8534662296456792
1233,0.526127697976955
1234,0.975719444714453
1235,0.56993091287208
1236,0.9352806748723872
1237,0.7871340657401701
1238,0.0781090604243094
1239,0.8380822153502678
1240,0.906894732793604
1241,0.105689109522193
1242,0.028368505856617
1243,0.8879819682996459
1244,0.504804582805125
1245,0.449281213489909
1246,0.720268072959971
1247,0.6836258893921171
1248,0.00473432334210832
1249,0.9555591614550502
1250,0.909483912833148
1251,0.29042261264617303
1252,0.143466419950673
1253,0.421706202418554
1254,0.260139570390935
1255,0.060616265446475
1256,0.780568190116828
1257,0.0802002782046717
1258,
1259,0.09420091963939
1260,0.402436497023814
1261,0.46681965718718
1262,0.575623462079404
1263,1.2134367960213302e-06
1264,0.0454766751714523
1265,0.434108773139324
1266,0.0602383984796061
1267,0.5138385951630801
1268,0.393088848449503
1269,0.970965475395285
1270,0.6953748175754679
1271,0.166338668735268
1272,0.28315833677818103
1273,0.371687883251188
1274,0.622863396046872
1275,0.6402542579843721
1276,0.0224300156578047
1277,0.868475703524464
1278,0.8038541315312779
1279,
1280,0.3960815349182961
1281,0.5842613805392171
1282,0.401124381770596
1283,0.926445032951128
1284,0.8173677111722399
1285,0.764968419160966
1286,0.8837361826016809
1287,0.447605513582445
1288,0.27972170049497
1289,0.892303860847828
1290,0.7465166718389
1291,0.0313013714107386
1292,0.4984842371473621
1293,0.778886869827494
1294,0.478019149061564
1295,0.743286474659972
1296,0.372846589175059
1297,0.144861060255278
1298,0.926445032951128
1299,0.988427742835178
1300,0.0530885794613154
1301,0.532553926794826
1302,0.23372171746295806
1303,
1304,0.4114359037520061
1305,0.8122043533971791
1306,0.925652488251646
1307,0.0139948869669017
1308,0.12043452165134698
1309,0.0995400061887437
1310,0.23279593642024304
1311,0.117220041653831
1312,0.7325647900037199
1313,
1314,
1315,0.860204260976626
1316,0.34977266086883096
1317,0.884258340675433
1318,0.201525587157469
1319,0.9031027018579608
1320,0.0746204908604027
1321,0.106811232815827
1322,
1323,0.860204260976626
1324,0.021241212764955
1325,
1326,0.8218553318843409
1327,0.900887620992566
1328,0.20498114964468
1329,0.8286867994116222
1330,0.8449368250200291
1331,0.0595370270416355
1332,0.575636440354569
1333,0.392253306646601
1334,0.0414135150483306
1335,0.663453210288173
1336,0.8961426616931841
1337,0.743959073577048
1338,0.7471005638591109
1339,0.1031117876381
1340,0.8324781766770729
1341,0.00972130621936372
1342,0.7516023903752309
1343,0.6175242517570529
1344,0.273488433235125
1345,0.8454719674809879
1346,0.858035746568761
1347,0.6873724161982271
1348,0.40901924591651
1349,0.9954428437498908
1350,0.6820914591323629
1351,0.773732160225857
1352,0.389146312264808
1353,0.861979061391817
1354,0.15824739802582002
1355,
1356,
1357,0.0365908275977969
1358,0.679703990679186
1359,0.137252602277138
1360,0.5602802003459371
1361,0.273363563635964
1362,0.572952310739211
1363,0.98638466123122
1364,0.361729977453591
1365,0.5354825881209
1366,0.906175665566442
1367,0.481686924450591
1368,0.443989255379448
1369,0.5738768768993979
1370,
1371,0.0339658177031679
1372,0.42263855937604905
1373,0.103473610195951
1374,
1375,0.956846391173553
1376,0.9458265304595608
1377,0.0177821674108036
1378,0.7976057161626959
1379,0.707497533784914
1380,0.363378959489486
1381,0.514990401888623
1382,0.6291565086448381
1383,0.238424500160091
1384,0.7786347841012171
1385,0.946295348173534
1386,0.913171798776985
1387,0.118747905161138
1388,0.18629379431612306
1389,0.198594682688034
1390,0.80742275868048
1391,0.447862329330904
1392,0.47872037421333
1393,0.883180101187121
1394,0.348666756880959
1395,0.619710612748397
1396,0.31456535271781394
1397,0.0685460614037687
1398,0.742643576652128
1399,0.943723608283664
1400,0.8903563389965821
1401,0.568649497967152
1402,0.513433300894148
1403,0.995466067337354
1404,0.8163141199181609
1405,0.808107071117153
1406,0.0164093311083971
1407,0.7625001533135121
1408,0.214089892516791
1409,0.451207641988059
1410,0.933681937784508
1411,0.6873162238310839
1412,0.373840971064596
1413,0.925652488251646
1414,0.46425553399984
1415,0.948047122049087
1416,0.207468891313797
1417,0.00166379283780757
1418,0.0386022750149958
1419,0.0254825819365041
1420,0.719545313570125
1421,0.726391514116259
1422,0.5060432185718851
1423,0.5146517475243789
1424,0.4694374051306761
1425,0.0839775796916898
1426,0.5121420420540711
1427,0.15259393418194905
1428,0.454626421078039
1429,0.877344055138157
1430,0.821263942184055
1431,
1432,0.470364946839893
1433,0.648241046380032
1434,0.250660736722944
1435,0.000114326195940093
1436,0.5073420624505661
1437,0.471150698884901
1438,0.953273282530966
1439,0.8905124826996009
1440,1.0
1441,0.340794424341797
1442,
1443,0.238698954821615
1444,0.0538389070084985
1445,0.00595068254247419
1446,0.436825713605468
1447,0.0340606039939398
1448,0.623539099143471
1449,0.467286657827159
1450,0.6042858049742371
1451,0.35832803144558506
1452,0.8402995236096379
1453,0.388588720638914
1454,0.171458088811233
1455,0.8205020414310029
1456,0.9829484505377728
1457,0.8932970309676459
1458,0.780829985014908
1459,0.3616922296326121
1460,0.8215190971301658
1461,0.6492042327758211
1462,
1463,0.00181653127349283
1464,0.482352050633872
1465,
1466,0.762644124429114
1467,0.32197654744180104
1468,0.932024100995891
1469,0.00026438363500476804
1470,0.3956512970023929
1471,0.333820344045897
1472,0.0939786367724136
1473,0.5924615603722989
1474,0.4553478435437671
1475,0.486016838441844
1476,0.906894732793604
1477,
1478,0.229314822041297
1479,0.024526294124605
1480,0.909252233683306
1481,0.841131369313154
1482,0.5502560222772379
1483,0.461940802730322
1484,0.464295674685349
1485,0.460941012371996
1486,
1487,
1488,
1489,
1490,
1491,
1492,0.39410555748938
1493,0.495855743022988
1494,0.905593903813751
1495,
1496,0.0270862519853943
1497,0.5226813206170859
1498,0.267125602000669
1499,0.9859018590389692
1500,0.34643961722986305
1501,
1502,0.947153094261564
1503,0.689079591724746
1504,0.842620330247028
1505,0.9926259790407972
1506,
1507,
1508,
1509,
1510,
1511,
1512,0.42522965443357
1513,1.0
1514,0.675246729063042
1515,0.785999991358391
1516,0.0198402438956391
1517,0.997425358566912
1518,0.4167542952286
1519,
1520,0.3580002547531629
1521,0.154120660223418
1522,0.314601622194362
1523,0.835193122778893
1524,0.8708136336870159
1525,0.363615645548926
1526,0.947153094261564
1527,0.243883400841506
1528,2.04173698042287e-05
1529,0.49853514920994
1530,0.923741178359455
1531,0.489514237695975
1532,0.13572494779837302
1533,0.574157728129249
1534,0.511091285408498
1535,0.515941465158234
1536,0.179380258897443
1537,0.6382514894824279
1538,0.0423236189815422
1539,0.9810197408920408
1540,0.7929085507428271
1541,0.281485782046779
1542,0.974942972098754
1543,0.270864448588568
1544,0.6080559721322739
1545,0.490799385271788
1546,0.5241670464402479
1547,0.448785961523438
1548,1.0
1549,0.5231270237351571
1550,0.33677797232957
1551,0.7689335755291751
1552,0.36841625233081
1553,0.70584243538901
1554,0.20999920138469505
1555,0.436804887996088
1556,0.6712538041972309
1557,0.6965448029043029
1558,0.0984871849944995
1559,0.766056002470402
1560,
1561,0.7725568413475851
1562,0.5611355563526159
1563,0.7867005907537259
1564,0.108338105752893
1565,0.8273807063785009
1566,0.995173263542038
1567,0.17429025690161298
1568,0.152198712503323
1569,0.31571304157751096
1570,0.7329156224095151
1571,0.942267315790872
1572,0.7384677900474979
1573,0.00143018284429994
1574,0.00018223670995662296
1575,0.56105019150784
1576,0.674395454753073
1577,0.32430608726535404
1578,0.497869222738788
1579,
1580,0.000155416922965097
1581,0.4737371282086
1582,0.584277496476686
1583,0.527118378432929
1584,0.921363392271728
1585,0.4197097718687751
1586,0.77647418885965
1587,0.001930659431313
1588,0.625543392549386
1589,0.39749960540637
1590,0.860989801138798
1591,0.0358485621021719
1592,
1593,0.355720081656485
1594,0.0799156697963559
1595,0.8860976538135591
1596,0.8528696359411301
1597,0.0305061583421554
1598,
1599,
1600,
1601,
1602,0.134404035442362
1603,0.342404159444253
1604,7.286887801679141e-07
1605,0.943496771076962
1606,0.890295262244389
1607,0.7574967086625899
1608,0.40453803904830704
1609,
1610,0.799210661240383
1611,0.8205020414310029
1612,0.479993317147814
1613,0.9655208550144848
1614,0.9134173877996992
1615,0.334239890255572
1616,
1617,0.725211831230634
1618,
1619,0.466560859105477
1620,1.0
1621,0.553435041480791
1622,0.7198281727581541
1623,0.412573763416444
1624,1.0
